-- phpMyAdmin SQL Dump
-- version 5.1.1
-- https://www.phpmyadmin.net/
--
-- Servidor: 127.0.0.1
-- Tiempo de generación: 20-01-2023 a las 00:37:30
-- Versión del servidor: 10.4.22-MariaDB
-- Versión de PHP: 8.1.2

SET SQL_MODE = "NO_AUTO_VALUE_ON_ZERO";
START TRANSACTION;
SET time_zone = "+00:00";


/*!40101 SET @OLD_CHARACTER_SET_CLIENT=@@CHARACTER_SET_CLIENT */;
/*!40101 SET @OLD_CHARACTER_SET_RESULTS=@@CHARACTER_SET_RESULTS */;
/*!40101 SET @OLD_COLLATION_CONNECTION=@@COLLATION_CONNECTION */;
/*!40101 SET NAMES utf8mb4 */;

--
-- Base de datos: `tienda_online`
--

-- --------------------------------------------------------

--
-- Estructura de tabla para la tabla `categorias`
--

CREATE TABLE `categorias` (
  `id` int(10) NOT NULL,
  `nombre` varchar(50) COLLATE utf8_spanish_ci NOT NULL
) ENGINE=InnoDB DEFAULT CHARSET=utf8 COLLATE=utf8_spanish_ci;

--
-- Volcado de datos para la tabla `categorias`
--

INSERT INTO `categorias` (`id`, `nombre`) VALUES
(1, 'ACCION'),
(2, 'COMEDIA'),
(3, 'TERROR'),
(4, 'AVENTURA'),
(5, 'ANIMADA');

-- --------------------------------------------------------

--
-- Estructura de tabla para la tabla `clientes`
--

CREATE TABLE `clientes` (
  `id` int(10) NOT NULL,
  `nombre` varchar(80) COLLATE utf8_spanish_ci NOT NULL,
  `apellidos` varchar(100) COLLATE utf8_spanish_ci NOT NULL,
  `email` varchar(50) COLLATE utf8_spanish_ci NOT NULL,
  `telefono` varchar(15) COLLATE utf8_spanish_ci NOT NULL,
  `comentario` varchar(300) COLLATE utf8_spanish_ci NOT NULL
) ENGINE=InnoDB DEFAULT CHARSET=utf8 COLLATE=utf8_spanish_ci;

--
-- Volcado de datos para la tabla `clientes`
--

INSERT INTO `clientes` (`id`, `nombre`, `apellidos`, `email`, `telefono`, `comentario`) VALUES
(1, 'Carlos Andrés', 'Obando Angulo', 'carlosm.p.q1@gmail.com', '3137184704', 'Que grandes peliculas'),
(2, 'Carlos Andrés', 'Obando Angulo', 'carlitos13141999@hotmail.com', '3137184704', 'dddd');

-- --------------------------------------------------------

--
-- Estructura de tabla para la tabla `detalle_pedidos`
--

CREATE TABLE `detalle_pedidos` (
  `id` int(11) NOT NULL,
  `pedido_id` int(11) NOT NULL,
  `pelicula_id` int(11) NOT NULL,
  `precio` decimal(10,2) NOT NULL,
  `cantidad` int(11) NOT NULL,
  `estado` int(11) NOT NULL DEFAULT 1
) ENGINE=InnoDB DEFAULT CHARSET=utf8 COLLATE=utf8_spanish_ci;

--
-- Volcado de datos para la tabla `detalle_pedidos`
--

INSERT INTO `detalle_pedidos` (`id`, `pedido_id`, `pelicula_id`, `precio`, `cantidad`, `estado`) VALUES
(1, 1, 7, '17.00', 1, 1),
(2, 1, 6, '40.00', 1, 1),
(3, 1, 10, '31.00', 2, 1),
(4, 1, 12, '40.00', 1, 1),
(5, 2, 12, '40.00', 1, 1);

-- --------------------------------------------------------

--
-- Estructura de tabla para la tabla `pedidos`
--

CREATE TABLE `pedidos` (
  `id` int(10) NOT NULL,
  `cliente_id` int(11) NOT NULL,
  `total` decimal(10,2) NOT NULL,
  `fecha` date NOT NULL,
  `estado` int(11) NOT NULL DEFAULT 1
) ENGINE=InnoDB DEFAULT CHARSET=utf8 COLLATE=utf8_spanish_ci;

--
-- Volcado de datos para la tabla `pedidos`
--

INSERT INTO `pedidos` (`id`, `cliente_id`, `total`, `fecha`, `estado`) VALUES
(1, 1, '159.00', '2023-01-19', 1),
(2, 2, '40.00', '2023-01-19', 1);

-- --------------------------------------------------------

--
-- Estructura de tabla para la tabla `peliculas`
--

CREATE TABLE `peliculas` (
  `id` int(11) NOT NULL,
  `titulo` varchar(80) COLLATE utf8_spanish_ci NOT NULL,
  `descripcion` varchar(300) COLLATE utf8_spanish_ci NOT NULL,
  `foto` varchar(100) COLLATE utf8_spanish_ci NOT NULL,
  `precio` decimal(10,2) NOT NULL,
  `categoria_id` int(10) NOT NULL,
  `fecha` date NOT NULL,
  `estado` int(11) NOT NULL DEFAULT 1
) ENGINE=InnoDB DEFAULT CHARSET=utf8 COLLATE=utf8_spanish_ci;

--
-- Volcado de datos para la tabla `peliculas`
--

INSERT INTO `peliculas` (`id`, `titulo`, `descripcion`, `foto`, `precio`, `categoria_id`, `fecha`, `estado`) VALUES
(1, 'UNCHARTED', 'AVENTURA', 'UNCHARTED.jpg', '22000.00', 4, '2023-01-20', 1),
(2, 'JACK', 'TERROR', 'Jack.jpg', '20000.00', 3, '2023-01-20', 1),
(3, 'THE BLACK PHONE', 'TERROR', 'The black phone.jpg', '24000.00', 3, '2023-01-20', 1),
(4, 'LIGTHYEAR', 'FULL ACCION', 'Lightyear.jpeg', '30000.00', 4, '2023-01-20', 1),
(5, 'CAMINO HACIA EL TERROR', 'FULL TERROR', 'camino-hacia-el-terror.jpg', '25000.00', 3, '2023-01-19', 1),
(6, 'SONIC 2', 'FULL ACCION', 'Sonic2.jpeg', '40000.00', 1, '2023-01-20', 1),
(7, 'DRAGON BALL SUPER', ' ANIMADA', 'Dragon ball Super.jpg', '27000.00', 1, '2023-01-20', 1),
(9, 'GATO CON BOTAS ', 'ANIMADA', 'El gato con botasjpg.jpg', '33600.00', 5, '2023-01-20', 1),
(11, 'AVATAR 2', 'FULL ACCION', 'Avatar.jpg', '17000.00', 1, '2023-01-20', 1),
(12, 'RAPIDOS Y FURIOSOS 9', 'FULL ACCION', 'rapidos_y_furiosos.jpg', '40000.00', 1, '2023-01-20', 1);

-- --------------------------------------------------------

--
-- Estructura de tabla para la tabla `usuarios`
--

CREATE TABLE `usuarios` (
  `id` int(11) NOT NULL,
  `nombre_usuario` varchar(100) COLLATE utf8_spanish_ci NOT NULL,
  `clave` varchar(150) COLLATE utf8_spanish_ci NOT NULL,
  `estado` int(11) NOT NULL DEFAULT 1,
  `correo` varchar(70) COLLATE utf8_spanish_ci NOT NULL
) ENGINE=InnoDB DEFAULT CHARSET=utf8 COLLATE=utf8_spanish_ci;

--
-- Volcado de datos para la tabla `usuarios`
--

INSERT INTO `usuarios` (`id`, `nombre_usuario`, `clave`, `estado`, `correo`) VALUES
(3, 'Carlos', '123456', 1, 'carlosm.q.p1@gmail.com'),
(4, 'admin', '123', 1, 'admin@gmail.com'),
(5, 'carlosa', '123456', 1, 'laura@gmail.com'),
(6, 'carlosa', '123456', 1, 'laura@gmail.com');

--
-- Índices para tablas volcadas
--

--
-- Indices de la tabla `categorias`
--
ALTER TABLE `categorias`
  ADD PRIMARY KEY (`id`);

--
-- Indices de la tabla `clientes`
--
ALTER TABLE `clientes`
  ADD PRIMARY KEY (`id`);

--
-- Indices de la tabla `detalle_pedidos`
--
ALTER TABLE `detalle_pedidos`
  ADD PRIMARY KEY (`id`);

--
-- Indices de la tabla `pedidos`
--
ALTER TABLE `pedidos`
  ADD PRIMARY KEY (`id`);

--
-- Indices de la tabla `peliculas`
--
ALTER TABLE `peliculas`
  ADD PRIMARY KEY (`id`);

--
-- Indices de la tabla `usuarios`
--
ALTER TABLE `usuarios`
  ADD PRIMARY KEY (`id`);

--
-- AUTO_INCREMENT de las tablas volcadas
--

--
-- AUTO_INCREMENT de la tabla `categorias`
--
ALTER TABLE `categorias`
  MODIFY `id` int(10) NOT NULL AUTO_INCREMENT, AUTO_INCREMENT=6;

--
-- AUTO_INCREMENT de la tabla `clientes`
--
ALTER TABLE `clientes`
  MODIFY `id` int(10) NOT NULL AUTO_INCREMENT, AUTO_INCREMENT=3;

--
-- AUTO_INCREMENT de la tabla `detalle_pedidos`
--
ALTER TABLE `detalle_pedidos`
  MODIFY `id` int(11) NOT NULL AUTO_INCREMENT, AUTO_INCREMENT=6;

--
-- AUTO_INCREMENT de la tabla `pedidos`
--
ALTER TABLE `pedidos`
  MODIFY `id` int(10) NOT NULL AUTO_INCREMENT, AUTO_INCREMENT=3;

--
-- AUTO_INCREMENT de la tabla `peliculas`
--
ALTER TABLE `peliculas`
  MODIFY `id` int(11) NOT NULL AUTO_INCREMENT, AUTO_INCREMENT=18;

--
-- AUTO_INCREMENT de la tabla `usuarios`
--
ALTER TABLE `usuarios`
  MODIFY `id` int(11) NOT NULL AUTO_INCREMENT, AUTO_INCREMENT=7;
COMMIT;

/*!40101 SET CHARACTER_SET_CLIENT=@OLD_CHARACTER_SET_CLIENT */;
/*!40101 SET CHARACTER_SET_RESULTS=@OLD_CHARACTER_SET_RESULTS */;
/*!40101 SET COLLATION_CONNECTION=@OLD_COLLATION_CONNECTION */;
